Element,Sample,Actual_Mass_Balance_Error,Predicted_Mass_Balance_Error,Source
Mn,0,0.1090619196275342,0.11405663025013868,Nchwaning 
Fe,0,0.03894887635419464,0.040336743216207005,Nchwaning 
Si,0,0.010952467334006066,0.013402092845503012,Nchwaning 
Ca,0,0.050297981004825465,0.048711974638277755,Nchwaning 
Al,0,0.11404794439158084,0.11002884942366609,Nchwaning 
Mg,0,0.001572433778942249,0.003573701528808374,Nchwaning 
C,0,0.0,0.0,Nchwaning 
O,0,0.23127741149077563,0.22929443181629416,Nchwaning 
K,0,0.00010173680411057793,9.706300961504906e-05,Nchwaning 
Ba,0,6.932264784183587e-05,0.00021937825561087242,Nchwaning 
S,0,0.0019242526074758027,0.0020180571644771708,Nchwaning 
Ti,0,9.696265485351676e-06,1.776204453798003e-05,Nchwaning 
P,0,0.00032759277138440365,0.00032759277138440365,Nchwaning 
Mn,1,0.1088522226802533,0.0965043739007454,Nchwaning 
Fe,1,0.04645214432805084,0.043804195734376494,Nchwaning 
Si,1,0.0060832992893813664,0.00645213070277037,Nchwaning 
Ca,1,0.034583450730597376,0.03490287008673637,Nchwaning 
Al,1,0.08653041791364946,0.09302927751289991,Nchwaning 
Mg,1,0.006170170006252421,0.004255397474009888,Nchwaning 
C,1,0.0,0.0,Nchwaning 
O,1,0.1844561449085671,0.1950012058916477,Nchwaning 
K,1,0.00015233130918510337,0.00013933270552594893,Nchwaning 
Ba,1,0.0009615768404493854,0.0018805740895568124,Nchwaning 
S,1,0.0018341075895434778,0.001936908628259883,Nchwaning 
Ti,1,9.347555524392168e-05,9.98840405958202e-05,Nchwaning 
P,1,0.00032759277138440365,0.00032759277138440365,Nchwaning 
Mn,2,0.14050739989363692,0.16296985470551806,Nchwaning 
Fe,2,0.03470131614289551,0.0397275572805533,Nchwaning 
Si,2,0.0054125422979529325,0.0030721791922552408,Nchwaning 
Ca,2,0.027742727016587754,0.026185182313258004,Nchwaning 
Al,2,0.11087299254746341,0.11219780373626598,Nchwaning 
Mg,2,0.005442978930340112,0.004751076881994613,Nchwaning 
C,2,0.0,0.0,Nchwaning 
O,2,0.22340822381524394,0.22402980817783447,Nchwaning 
K,2,0.00015475816382861266,0.00015157353384683258,Nchwaning 
Ba,2,0.0009797468717675805,0.0009632391876268562,Nchwaning 
S,2,0.001282618426905087,0.0012333580380089356,Nchwaning 
Ti,2,5.84730886061368e-05,6.0486537566837076e-05,Nchwaning 
P,2,0.00032759277138440365,0.00032759277138440365,Nchwaning 
Mn,3,0.08841762495083005,0.07968983347546543,Nchwaning 
Fe,3,0.054280141462977854,0.054588924580508874,Nchwaning 
Si,3,0.0036889536306774565,0.0019884855626714146,Nchwaning 
Ca,3,0.026168830937240317,0.03455926389972819,Nchwaning 
Al,3,0.050793246918814594,0.055228197593445216,Nchwaning 
Mg,3,0.0058344994591161235,0.005240231806015048,Nchwaning 
C,3,0.0,0.0,Nchwaning 
O,3,0.14669724812335394,0.12704876272919519,Nchwaning 
K,3,7.455942927512841e-05,9.136739705729616e-05,Nchwaning 
Ba,3,0.0009082393852711873,0.0002531949772141876,Nchwaning 
S,3,0.001858978944603512,0.001713805004647051,Nchwaning 
Ti,3,7.818866147963206e-05,7.744165808769478e-05,Nchwaning 
P,3,0.00032759277138440365,0.00031352087033303434,Nchwaning 
Mn,4,0.08553624349462097,0.08586112576242089,Nchwaning 
Fe,4,0.050881788879935524,0.049727694226723795,Nchwaning 
Si,4,0.0008111318565992842,0.0019289988206581746,Nchwaning 
Ca,4,0.04318923487893517,0.04182405205784928,Nchwaning 
Al,4,0.06803336932982029,0.07373112433921503,Nchwaning 
Mg,4,0.005853653695378169,0.004525446140387249,Nchwaning 
C,4,0.0,0.0,Nchwaning 
O,4,0.15686715798224915,0.16712124154284447,Nchwaning 
K,4,0.00012843008195677098,0.00012433228469747596,Nchwaning 
Ba,4,0.0007658779073028399,0.0016332111737373486,Nchwaning 
S,4,0.002005836889403138,0.0019470688138664527,Nchwaning 
Ti,4,0.00010499112260817524,8.48960057852389e-05,Nchwaning 
P,4,0.00032759277138440365,0.0003160613796142078,Nchwaning 
Mn,5,0.06793612040722541,0.0877414373198423,Nchwaning 
Fe,5,0.05313811442385172,0.037192145703940055,Nchwaning 
Si,5,0.0076517952450206525,0.008467015660806813,Nchwaning 
Ca,5,0.06487907784597713,0.06227666769795753,Nchwaning 
Al,5,0.0764594156147953,0.10393307404530105,Nchwaning 
Mg,5,0.0011838657814035175,0.004450094671465191,Nchwaning 
C,5,0.0,0.0,Nchwaning 
O,5,0.15437931626604562,0.1998372167743927,Nchwaning 
K,5,6.863348762155502e-05,9.299489423510168e-05,Nchwaning 
Ba,5,0.0001369600350617688,0.00028851493528656426,Nchwaning 
S,5,0.0019825997149138194,0.0015127188714402862,Nchwaning 
Ti,5,4.331015278129059e-05,0.00012120236848471339,Nchwaning 
P,5,0.00032759277138440365,0.00031550216885275036,Nchwaning 
Mn,6,0.08035297265585606,0.06688713117416545,Nchwaning 
Fe,6,0.020832482764795407,0.03993372784373117,Nchwaning 
Si,6,0.008027421183941376,0.006983928748539869,Nchwaning 
Ca,6,0.06864262608466154,0.06762305282269487,Nchwaning 
Al,6,0.10467167140364364,0.08967929444780642,Nchwaning 
Mg,6,0.003542789372872439,0.0029133965828295853,Nchwaning 
C,6,0.0,0.0,Nchwaning 
O,6,0.18243933976564053,0.16473840797433925,Nchwaning 
K,6,0.000146407490763939,9.353053944791655e-05,Nchwaning 
Ba,6,0.0022910152912618193,0.0012989795503963344,Nchwaning 
S,6,0.0012846199950503163,0.0002803112982867743,Nchwaning 
Ti,6,0.00022690563420137285,0.00014750768372706879,Nchwaning 
P,6,0.00032759277138440365,0.00032759277138440365,Nchwaning 
Mn,7,0.08140896324893943,0.07656068130950233,Nchwaning 
Fe,7,0.0523680186229743,0.053556577617083434,Nchwaning 
Si,7,0.006033529068274528,0.00514752282292482,Nchwaning 
Ca,7,0.034213783092654104,0.03449560279105662,Nchwaning 
Al,7,0.04710899939133695,0.05045107158784745,Nchwaning 
Mg,7,0.00582005934835899,0.005764773743677353,Nchwaning 
C,7,0.0,0.0,Nchwaning 
O,7,0.13895444207175256,0.13524810581748437,Nchwaning 
K,7,8.691451866321286e-05,0.00010454901650754252,Nchwaning 
Ba,7,0.0007221954824058532,0.0008068873953170248,Nchwaning 
S,7,0.0014741356575303794,0.0015833099972478934,Nchwaning 
Ti,7,6.362798594642514e-05,6.392012746910558e-05,Nchwaning 
P,7,0.00032759277138440365,0.0003237010779238135,Nchwaning 
Mn,8,0.0769001524235825,0.08071871017062493,Nchwaning 
Fe,8,0.05033418390187122,0.04666652275589672,Nchwaning 
Si,8,0.005854896697903476,0.00347379251830552,Nchwaning 
Ca,8,0.04451311936716035,0.053444083690752375,Nchwaning 
Al,8,0.06393227254855771,0.06551812028477944,Nchwaning 
Mg,8,0.006232867875467691,0.0045030013871481915,Nchwaning 
C,8,0.0,0.0,Nchwaning 
O,8,0.14818846658361684,0.14106409555176258,Nchwaning 
K,8,0.00010300225062635356,8.527236254206221e-05,Nchwaning 
Ba,8,0.0005004963170794382,0.0013334801723654181,Nchwaning 
S,8,0.00116649492776272,0.0012547176894160128,Nchwaning 
Ti,8,7.393903272740024e-05,0.00012165546059737028,Nchwaning 
P,8,0.00032759277138440365,0.00032759277138440365,Nchwaning 
Mn,9,0.08304550800043997,0.09287091573651696,Nchwaning 
Fe,9,0.04564670964276121,0.052184922625657604,Nchwaning 
Si,9,0.00681891008202639,0.0072216902114300985,Nchwaning 
Ca,9,0.03322390125077124,0.03382804040813775,Nchwaning 
Al,9,0.05291576097319428,0.048061169830585504,Nchwaning 
Mg,9,0.005750662458689371,0.006994769489518712,Nchwaning 
C,9,0.0,0.0,Nchwaning 
O,9,0.15334551028758936,0.14584351703952758,Nchwaning 
K,9,0.0001713958129856894,0.000131244193650102,Nchwaning 
Ba,9,0.0007607582107541019,0.00038389303412818265,Nchwaning 
S,9,0.001385472005573417,0.0014311581877396557,Nchwaning 
Ti,9,1.4950078757115044e-05,1.522173068452422e-05,Nchwaning 
P,9,0.00032759277138440365,0.00032759277138440365,Nchwaning 
Mn,10,0.06434799521567836,0.07467548370792954,Nchwaning 
Fe,10,0.05506675620019694,0.04205462469080368,Nchwaning 
Si,10,0.0005161979461488359,0.0030883732130664934,Nchwaning 
Ca,10,0.06958061536376503,0.06954073484742845,Nchwaning 
Al,10,0.059751034720295304,0.07770129231710032,Nchwaning 
Mg,10,0.0019238594297396813,0.003151681281844603,Nchwaning 
C,10,0.0,0.0,Nchwaning 
O,10,0.14867337492498867,0.1600471010217266,Nchwaning 
K,10,3.753874899146457e-05,9.574643558903138e-05,Nchwaning 
Ba,10,9.103276997105524e-05,0.0015883834377302185,Nchwaning 
S,10,0.0022950619010981325,0.0012204438845272586,Nchwaning 
Ti,10,4.647796678928904e-05,0.00010112809305049217,Nchwaning 
P,10,0.00032759277138440365,0.00032569215985817817,Nchwaning 
Mn,11,0.0570613131278942,0.07563681407371525,Nchwaning 
Fe,11,0.03175396185871607,0.03692258276922414,Nchwaning 
Si,11,0.008695689381115548,0.007918362494133815,Nchwaning 
Ca,11,0.07342316155884548,0.07544581501806807,Nchwaning 
Al,11,0.06808513937880567,0.072919788698803,Nchwaning 
Mg,11,0.002989996129454848,0.004737735098837688,Nchwaning 
C,11,0.0,0.0,Nchwaning 
O,11,0.13370977632762426,0.14494655163224368,Nchwaning 
K,11,3.781052273981909e-05,7.245601088282769e-05,Nchwaning 
Ba,11,0.0022453489024283663,0.0025015869284140094,Nchwaning 
S,11,0.001834746915911792,0.001672621826603422,Nchwaning 
Ti,11,0.0004102807459513333,0.0003477096076564365,Nchwaning 
P,11,0.00032759277138440365,0.0003208388855713356,Nchwaning 
Mn,12,0.09159679048058733,0.09600980756943722,Nchwaning 
Fe,12,0.055305291431641146,0.051306561840449294,Nchwaning 
Si,12,0.006341230790247988,0.005620521526532987,Nchwaning 
Ca,12,0.030148509025026082,0.031338199979911774,Nchwaning 
Al,12,0.051129680682046486,0.04790975753258353,Nchwaning 
Mg,12,0.00664416292017745,0.007780063243366598,Nchwaning 
C,12,0.0,0.0,Nchwaning 
O,12,0.15942116881278734,0.161200806984523,Nchwaning 
K,12,0.00010584525882203065,0.00011941061054018172,Nchwaning 
Ba,12,0.0006961385096400301,7.329211648286022e-05,Nchwaning 
S,12,0.0012288526386624548,0.001150859654047299,Nchwaning 
Ti,12,7.911897207565693e-05,8.410635578619464e-05,Nchwaning 
P,12,0.00032759277138440365,0.00032759277138440365,Nchwaning 
Mn,13,0.058768634407727616,0.07165813535227661,Nchwaning 
Fe,13,0.0401924791834542,0.030695260440972344,Nchwaning 
Si,13,0.011312269612034492,0.01439309322233967,Nchwaning 
Ca,13,0.07432120604735593,0.06812976097120627,Nchwaning 
Al,13,0.05889793933658982,0.06553056381274325,Nchwaning 
Mg,13,0.001150445112692411,0.002719851470700887,Nchwaning 
C,13,0.0,0.0,Nchwaning 
O,13,0.14615650778528355,0.1623995738286752,Nchwaning 
K,13,0.00016594335215932735,0.00014543940443511154,Nchwaning 
Ba,13,9.634160180630597e-06,6.05838696552622e-06,Nchwaning 
S,13,0.0020618169299457855,0.0020972734749931314,Nchwaning 
Ti,13,0.00026240017629573613,0.0002925918354645037,Nchwaning 
P,13,0.00032759277138440365,0.00032721058605382556,Nchwaning 
Mn,14,0.0752402812660583,0.06807164761121132,Nchwaning 
Fe,14,0.02527997134927029,0.035194143846265874,Nchwaning 
Si,14,0.009803444124722692,0.005744654524490189,Nchwaning 
Ca,14,0.07418139928028045,0.07664040717345538,Nchwaning 
Al,14,0.08859661761150739,0.07632049474426073,Nchwaning 
Mg,14,0.004480900348349068,0.0012635057072551518,Nchwaning 
C,14,0.0,0.0,Nchwaning 
O,14,0.18137252769486856,0.1686686154172803,Nchwaning 
K,14,0.0001575863093974266,0.00013709186712990945,Nchwaning 
Ba,14,0.002398170213931575,0.0033808213006027237,Nchwaning 
S,14,0.0021437442650463624,0.0022950619010981325,Nchwaning 
Ti,14,0.0001854110269977888,0.00015203206134668768,Nchwaning 
P,14,0.00032759277138440365,0.00032751720622214796,Nchwaning 
Mn,15,0.06704079733221846,0.05018356380414479,Zambian
Fe,15,0.019889067955949507,0.01905697030427164,Zambian
Si,15,0.011232551289596493,0.007662762067672635,Zambian
Ca,15,0.11209025382774529,0.12484604322572584,Zambian
Al,15,0.14054764395672859,0.15165465644744458,Zambian
Mg,15,0.00548005180575818,0.005003309812328181,Zambian
C,15,0.0,0.0,Zambian
O,15,0.11664753796921823,0.11320463309602546,Zambian
K,15,0.0034874092318145145,0.0034874092318145145,Zambian
Ba,15,0.006712606975570239,0.007780243715787408,Zambian
S,15,0.0005438720049240003,0.00061495410220227,Zambian
Ti,15,2.268805921934046e-05,7.384928032787313e-05,Zambian
P,15,0.005114674237098432,0.005114638528398053,Zambian
Mn,16,0.0755756292391252,0.08118458306814436,Zambian
Fe,16,0.025655260094905544,0.027842059388319306,Zambian
Si,16,0.011789726507142051,0.00667267262275982,Zambian
Ca,16,0.13216375937543473,0.12374892572044682,Zambian
Al,16,0.17298894427819844,0.17211414738023245,Zambian
Mg,16,0.00567585673028255,0.005561847598383598,Zambian
C,16,0.0,0.0,Zambian
O,16,0.14794933679982125,0.14925380334822513,Zambian
K,16,0.0034874092318145145,0.0034874092318145145,Zambian
Ba,16,0.009422459097863808,0.008302471735496246,Zambian
S,16,0.0008365899216556392,0.0006202503432865003,Zambian
Ti,16,0.0003238758016572801,0.00029514158343918353,Zambian
P,16,0.005114674237098432,0.005114674237098432,Zambian
Mn,17,0.07480795694098186,0.06621241402027556,Zambian
Fe,17,0.031475664786462534,0.0327352043553531,Zambian
Si,17,0.0026321722788310298,0.003650036277287244,Zambian
Ca,17,0.12944929686469064,0.126522992323499,Zambian
Al,17,0.15892255218296825,0.1570747212595297,Zambian
Mg,17,0.0059073848016593725,0.005748635000032835,Zambian
C,17,0.0,0.0,Zambian
O,17,0.13695206834734108,0.14706484058299463,Zambian
K,17,0.0034874092318145145,0.003478320859286747,Zambian
Ba,17,0.008519696809613807,0.00716553410992752,Zambian
S,17,0.0006367926348943729,0.0006745486392421887,Zambian
Ti,17,0.00037320605315416613,0.00038546420176604237,Zambian
P,17,0.005114674237098432,0.005114674237098432,Zambian
Mn,18,0.02259433607210959,0.029870178088132415,Zambian
Fe,18,0.008946190348285438,0.00759751189861561,Zambian
Si,18,0.008831058338359954,0.008886251012195867,Zambian
Ca,18,0.12325464447353118,0.12206897638218045,Zambian
Al,18,0.13341427915176995,0.13492200755102968,Zambian
Mg,18,0.005198655729895495,0.005003309812328181,Zambian
C,18,0.0,0.0,Zambian
O,18,0.07520054016346811,0.07783248574246682,Zambian
K,18,0.0034874092318145145,0.0034863969321918594,Zambian
Ba,18,0.00845943439418663,0.007549755600248065,Zambian
S,18,0.00048336989982498263,0.0005461899103011723,Zambian
Ti,18,6.886426981261059e-05,0.00010391073415889684,Zambian
P,18,0.005114674237098432,0.00510963764413941,Zambian
Mn,19,0.07380958413528549,0.06847789425538098,Zambian
Fe,19,0.034897484107798374,0.03600501951888298,Zambian
Si,19,0.011674157237582257,0.005209543620521069,Zambian
Ca,19,0.09931630211101095,0.10186204909095387,Zambian
Al,19,0.07752395279992452,0.08387009252444144,Zambian
Mg,19,0.00582369418723514,0.005885644893542439,Zambian
C,19,0.0,0.0,Zambian
O,19,0.11915605405540819,0.13096853921134977,Zambian
K,19,0.0034874092318145145,0.0034841199932094877,Zambian
Ba,19,0.0029329013222513106,0.00182043847681964,Zambian
S,19,0.0008663419877713416,0.0009136540408566198,Zambian
Ti,19,0.00038353713354151594,0.0003880534843975842,Zambian
P,19,0.005114674237098432,0.005108876473378201,Zambian
Mn,20,0.06201776645651236,0.07902057894496795,Zambian
Fe,20,0.021511549825409617,0.021791704645156108,Zambian
Si,20,0.004551064750956901,0.006074249268353871,Zambian
Ca,20,0.0999657616080632,0.10581387315257956,Zambian
Al,20,0.042101416088760946,0.0428037022957618,Zambian
Mg,20,0.005003309812328181,0.007943743767011955,Zambian
C,20,0.0,0.0,Zambian
O,20,0.02176055622340556,0.02161895097978972,Zambian
K,20,0.0034874092318145145,0.0034874092318145145,Zambian
Ba,20,0.0008074120162212817,0.0028962066060323824,Zambian
S,20,0.0006654219815340112,0.0005490847191982488,Zambian
Ti,20,0.00037726285844504157,0.00037816441674785623,Zambian
P,20,0.005114674237098432,0.00511054962387887,Zambian
Mn,21,0.09255138916848926,0.07815345242814409,Zambian
Fe,21,0.028979854955680905,0.0261504527927522,Zambian
Si,21,0.0100153891616689,0.0110611322773808,Zambian
Ca,21,0.127154254655173,0.1261131615134891,Zambian
Al,21,0.0452918801826071,0.04658844527165362,Zambian
Mg,21,0.006297634997667749,0.006006747371734284,Zambian
C,21,0.0,0.0,Zambian
O,21,0.054260448432045694,0.04600328101623341,Zambian
K,21,0.0034874092318145145,0.003485073836842908,Zambian
Ba,21,0.004625205603100251,0.0029775327526747053,Zambian
S,21,0.0018173789439540954,0.0019388106594152438,Zambian
Ti,21,0.00038052332788252296,0.0003807916933521126,Zambian
P,21,0.005114674237098432,0.005113488912714858,Zambian
Mn,22,0.08614082703878312,0.09615909445923454,Zambian
Fe,22,0.007752887456352411,0.006618040235615106,Zambian
Si,22,0.021442430956325753,0.020779306992305444,Zambian
Ca,22,0.08955622050951006,0.08729521906534538,Zambian
Al,22,0.07862533631705881,0.0830626621924313,Zambian
Mg,22,0.007261996208850647,0.006213951497797675,Zambian
C,22,0.0,0.0,Zambian
O,22,0.031220620980999758,0.03592123179320783,Zambian
K,22,0.0034874092318145145,0.0034874092318145145,Zambian
Ba,22,0.002536499849343954,0.003191148258351477,Zambian
S,22,0.0009169891108026842,0.0009002539826021256,Zambian
Ti,22,0.000380307966613995,0.00037718001560227535,Zambian
P,22,0.005114674237098432,0.005113762443315242,Zambian
Mn,23,0.013829772628566661,0.00812610505268263,UMK
Fe,23,0.002092237442922376,0.007765724473052502,UMK
Si,23,0.026861454595674607,0.029136454016367948,UMK
Ca,23,0.013851926087871391,0.006829372840864101,UMK
Al,23,0.07105019435613169,0.06768538821198078,UMK
Mg,23,0.0019458917636784034,0.0029877385837148024,UMK
C,23,0.0,0.0,UMK
O,23,0.2140442003689249,0.2016195005272532,UMK
K,23,0.008280606395176016,0.008280523289152871,UMK
Ba,23,0.0004676519962903394,0.001154262826972973,UMK
S,23,0.0016773246908215551,0.0016699752966714125,UMK
Ti,23,0.00012264072982428025,0.00012856798967755703,UMK
P,23,0.00031702526263006805,0.00031702526263006805,UMK
Mn,24,0.00844183353676109,0.013333107435117952,UMK
Fe,24,0.018389211209598008,0.008287702608524058,UMK
Si,24,0.030560902352370224,0.028581516163271044,UMK
Ca,24,0.003786730483224976,0.006356139520608928,UMK
Al,24,0.09176550266967631,0.08532595144920141,UMK
Mg,24,0.003333382955707065,0.004359301775338678,UMK
C,24,0.0,0.0,UMK
O,24,0.22464381040835146,0.21412216063497236,UMK
K,24,0.008280606395176016,0.008280606395176016,UMK
Ba,24,0.00042377065324719187,0.0018661712488709842,UMK
S,24,0.0016123628944703934,0.0016141399726165393,UMK
Ti,24,0.00015858477596167574,0.0001630741556006026,UMK
P,24,0.00031702526263006805,0.00031596925963581733,UMK
Mn,25,0.0005907196497513256,0.0021791799290803437,UMK
Fe,25,0.014951490733279602,0.009534349950055351,UMK
Si,25,0.0280027835099017,0.026786734209512893,UMK
Ca,25,0.026830773181352907,0.029566865495934402,UMK
Al,25,0.06116301901035959,0.056947291311551185,UMK
Mg,25,0.003936791020335242,0.0047783519845482625,UMK
C,25,0.0,0.0,UMK
O,25,0.21069950885480848,0.21183508651202576,UMK
K,25,0.008280606395176016,0.00827724429772695,UMK
Ba,25,0.00048495591843442944,0.0008547629948818564,UMK
S,25,0.0014825328617244086,0.0015634405218181563,UMK
Ti,25,7.778798935213822e-05,8.132949055514218e-05,UMK
P,25,0.00031702526263006805,0.00031702526263006805,UMK
Mn,26,0.009252554021273784,0.0034146755527891814,UMK
Fe,26,0.0035479452054794497,0.007555204975697449,UMK
Si,26,0.02769755126384401,0.02600154335405875,UMK
Ca,26,0.014322347327087204,0.009068308915688383,UMK
Al,26,0.072572873590807,0.07058924651521159,UMK
Mg,26,0.001818709619793371,0.002246485833011874,UMK
C,26,0.0,0.0,UMK
O,26,0.21167541414949187,0.1895870191065241,UMK
K,26,0.008280606395176016,0.008280606395176016,UMK
Ba,26,0.0004525903055774039,0.0013128817210456547,UMK
S,26,0.0016812542089877799,0.0016147359112971774,UMK
Ti,26,0.00016563034490357575,0.0001602627580814696,UMK
P,26,0.00031702526263006805,0.000308712028383069,UMK
Mn,27,0.012493226370162924,0.0037720810637643654,UMK
Fe,27,0.004047318470767308,0.011523651957254091,UMK
Si,27,0.0288617291822861,0.02883079942507264,UMK
Ca,27,0.0062950493425159015,0.015542070927146379,UMK
Al,27,0.07517322773373858,0.06842859260458423,UMK
Mg,27,0.003605710542769522,0.00490191401506733,UMK
C,27,0.0,0.0,UMK
O,27,0.21554666899631258,0.2163057417739942,UMK
K,27,0.008280606395176016,0.008280606395176016,UMK
Ba,27,0.00043069430911488584,0.0006929887734802203,UMK
S,27,0.0018735199192637818,0.0018735199192637818,UMK
Ti,27,0.00014296482349140686,0.00014506738439932457,UMK
P,27,0.00031702526263006805,0.0003152435795643086,UMK
Mn,28,0.02238030320571073,0.02123781694670468,TransalloySlag
Fe,28,0.00877715104306563,0.00884828543289462,TransalloySlag
Si,28,0.028609705473202324,0.029669573221797862,TransalloySlag
Ca,28,0.03552903665291188,0.0398861290913789,TransalloySlag
Al,28,0.11138194935869522,0.11163040998348411,TransalloySlag
Mg,28,0.009322984587290722,0.010184844297120986,TransalloySlag
C,28,0.0,0.0,TransalloySlag
O,28,0.01213848586045263,0.003262480007101387,TransalloySlag
K,28,0.0023408637309439892,0.0023408637309439892,TransalloySlag
Ba,28,0.002445714911817303,0.002445714911817303,TransalloySlag
S,28,0.000624506639754594,0.0004464867809440287,TransalloySlag
Ti,28,0.0005008401593673388,0.0004987787994536601,TransalloySlag
P,28,0.00010567508754335602,9.761449987675112e-05,TransalloySlag
Mn,29,0.018636887531853136,0.024347892648249173,TransalloySlag
Fe,29,0.006439484286865432,0.00779360465500362,TransalloySlag
Si,29,0.0329363291564605,0.03319299089923601,TransalloySlag
Ca,29,0.03983387246912304,0.042388419524354626,TransalloySlag
Al,29,0.10427593791910529,0.12198061901907763,TransalloySlag
Mg,29,0.006866247853832337,0.009160328418103311,TransalloySlag
C,29,0.0,0.0,TransalloySlag
O,29,0.002395138997245083,0.017319086011363005,TransalloySlag
K,29,0.0023408637309439892,0.0023394860923991365,TransalloySlag
Ba,29,0.002445714911817303,0.002445714911817303,TransalloySlag
S,29,0.000624506639754594,0.0005982536554149942,TransalloySlag
Ti,29,0.0005008401593673388,0.0005008401593673388,TransalloySlag
P,29,0.00010567508754335602,9.334905383447559e-05,TransalloySlag
Mn,30,0.01724863045180497,0.026688841525168934,TransalloySlag
Fe,30,0.005792765690751188,0.006475337312955396,TransalloySlag
Si,30,0.03983278559405311,0.0361773868937523,TransalloySlag
Ca,30,0.05457228758822627,0.046787707589890926,TransalloySlag
Al,30,0.13640571155218986,0.13070681692439393,TransalloySlag
Mg,30,0.006784494993102491,0.00786106353480135,TransalloySlag
C,30,0.0,0.0,TransalloySlag
O,30,0.024554267946818142,0.025703437628619596,TransalloySlag
K,30,0.0023408637309439892,0.002336456147335682,TransalloySlag
Ba,30,0.002445714911817303,0.002445714911817303,TransalloySlag
S,30,0.000624506639754594,0.000624506639754594,TransalloySlag
Ti,30,0.0005008401593673388,0.0005008401593673388,TransalloySlag
P,30,0.00010567508754335602,0.00010374199603651563,TransalloySlag
Mn,31,0.01885885559739396,0.026746101969986398,TransalloySlag
Fe,31,0.006813716536843048,0.00496985366388981,TransalloySlag
Si,31,0.04399496883778592,0.04044402984963473,TransalloySlag
Ca,31,0.06943934633203389,0.056446599539754894,TransalloySlag
Al,31,0.1606334936424521,0.13921154184141593,TransalloySlag
Mg,31,0.010150311132283325,0.0068744655256247345,TransalloySlag
C,31,0.0,0.0,TransalloySlag
O,31,0.03308884567702519,0.029543205428381847,TransalloySlag
K,31,0.0023408637309439892,0.0023374087886931794,TransalloySlag
Ba,31,0.002445714911817303,0.002445714911817303,TransalloySlag
S,31,0.000624506639754594,0.000624506639754594,TransalloySlag
Ti,31,0.0005008401593673388,0.0004966144054247698,TransalloySlag
P,31,0.00010567508754335602,9.912377865779692e-05,TransalloySlag
Mn,32,0.017695768982566945,0.02670537139598616,TransalloySlag
Fe,32,0.007143271555197422,0.00492130619219853,TransalloySlag
Si,32,0.03785792190305155,0.0416385897074381,TransalloySlag
Ca,32,0.06792090931462585,0.06705213653095993,TransalloySlag
Al,32,0.14146349291048474,0.14190897080618775,TransalloySlag
Mg,32,0.008816903365389386,0.0058411600636806005,TransalloySlag
C,32,0.0,0.0,TransalloySlag
O,32,0.022818172007001092,0.025022405017215865,TransalloySlag
K,32,0.0023408637309439892,0.0023386516255070196,TransalloySlag
Ba,32,0.002445714911817303,0.002445714911817303,TransalloySlag
S,32,0.000624506639754594,0.0005783173071534736,TransalloySlag
Ti,32,0.0005008401593673388,0.0004896061169674092,TransalloySlag
P,32,0.00010567508754335602,0.00010567508754335602,TransalloySlag
Mn,33,0.014950849986093903,0.02434466301280229,TransalloySlag
Fe,33,0.006426161697555736,0.003358376104868897,TransalloySlag
Si,33,0.04790040142182243,0.04697990797990827,TransalloySlag
Ca,33,0.09617286108129125,0.10509610267972402,TransalloySlag
Al,33,0.17003243345125446,0.17256686536333943,TransalloySlag
Mg,33,0.001817627852045929,0.0031840599159093166,TransalloySlag
C,33,0.0,0.0,TransalloySlag
O,33,0.025395477078789308,0.023471621137381438,TransalloySlag
K,33,0.0023408637309439892,0.0023408637309439892,TransalloySlag
Ba,33,0.002445714911817303,0.0014218161908287092,TransalloySlag
S,33,0.0005529332731554984,0.0004522541588907385,TransalloySlag
Ti,33,0.0005008401593673388,0.0004915183532595658,TransalloySlag
P,33,0.00010567508754335602,0.00010567508754335602,TransalloySlag
Mn,34,0.024459588603171475,0.020041239519469956,TransalloySlag
Fe,34,0.00884828543289462,0.00884828543289462,TransalloySlag
Si,34,0.03391985087372164,0.020698509284523686,TransalloySlag
Ca,34,0.030052284877686852,0.020202681499580738,TransalloySlag
Al,34,0.1111328753068789,0.09682771934605014,TransalloySlag
Mg,34,0.009804338980359463,0.012227450956083859,TransalloySlag
C,34,0.0,0.0,TransalloySlag
O,34,0.003033677267582746,0.00785831730415143,TransalloySlag
K,34,0.0023408637309439892,0.0023408637309439892,TransalloySlag
Ba,34,0.002445714911817303,0.002445714911817303,TransalloySlag
S,34,0.00012677980964506306,0.0002066935924834973,TransalloySlag
Ti,34,0.0005008401593673388,0.000496672508781065,TransalloySlag
P,34,0.00010567508754335602,0.00010567508754335602,TransalloySlag
Mn,35,0.026679842169641407,0.017930982945188162,TransalloySlag
Fe,35,0.007853881278538814,0.007413413977553717,TransalloySlag
Si,35,0.03163935085032653,0.033361011502427276,TransalloySlag
Ca,35,0.027866573699921876,0.03327918880506461,TransalloySlag
Al,35,0.11325900433974014,0.12025235899852753,TransalloySlag
Mg,35,0.009188450888736717,0.012110111913219486,TransalloySlag
C,35,0.0,0.0,TransalloySlag
O,35,0.005511734677297375,0.011257123970203953,TransalloySlag
K,35,0.0023408637309439892,0.0023408637309439892,TransalloySlag
Ba,35,0.002445714911817303,0.002445714911817303,TransalloySlag
S,35,0.00024558881658291146,0.00017438192353747445,TransalloySlag
Ti,35,0.0005008401593673388,0.000497527976169397,TransalloySlag
P,35,0.00010567508754335602,3.7825163354250074e-05,TransalloySlag
Mn,36,0.018212050552090145,0.016773218187069852,TransalloySlag
Fe,36,0.004972763900080581,0.005641987904413188,TransalloySlag
Si,36,0.03636693954799872,0.03782649768435205,TransalloySlag
Ca,36,0.05698717843551945,0.03955138284398238,TransalloySlag
Al,36,0.1385744226732229,0.13065864396812105,TransalloySlag
Mg,36,0.016256567521163938,0.011074687439588941,TransalloySlag
C,36,0.0,0.0,TransalloySlag
O,36,0.008460899010786838,0.018131604739858753,TransalloySlag
K,36,0.0023408637309439892,0.002339090793953436,TransalloySlag
Ba,36,0.002445714911817303,0.002445714911817303,TransalloySlag
S,36,0.00024371761745613766,0.0003911014148287202,TransalloySlag
Ti,36,0.0005008401593673388,0.000497623461942954,TransalloySlag
P,36,0.00013801503960361435,2.6478314249416744e-06,TransalloySlag
Mn,37,0.01979429561406469,0.02009047017122967,TransalloySlag
Fe,37,0.004748357059718866,0.0045501664041456705,TransalloySlag
Si,37,0.030820228929881302,0.04004072329202546,TransalloySlag
Ca,37,0.028945635853302787,0.041535902719741,TransalloySlag
Al,37,0.09219163363558755,0.13798526523643437,TransalloySlag
Mg,37,0.01022488859777096,0.010174248397379897,TransalloySlag
C,37,0.0,0.0,TransalloySlag
O,37,0.0053256040891973555,0.028590939940994375,TransalloySlag
K,37,0.0023408637309439892,0.002338271319907876,TransalloySlag
Ba,37,0.002445714911817303,0.002445714911817303,TransalloySlag
S,37,0.00033359754884550305,0.0005210323422546964,TransalloySlag
Ti,37,0.0005008401593673388,0.0005008308911642197,TransalloySlag
P,37,0.00010567508754335602,6.7381130977935025e-06,TransalloySlag
Mn,38,0.02562161023561029,0.017483618345375554,TransalloySlag
Fe,38,0.007428382129107352,0.00884828543289462,TransalloySlag
Si,38,0.012991057610878043,0.024468321244701857,TransalloySlag
Ca,38,0.015921644013452863,0.013972354437566892,TransalloySlag
Al,38,0.11484499394433627,0.10601192235342895,TransalloySlag
Mg,38,0.018663123629181922,0.01235674223075308,TransalloySlag
C,38,0.0,0.0,TransalloySlag
O,38,0.03518168516655551,0.024002250421411575,TransalloySlag
K,38,0.0023408637309439892,0.0023408637309439892,TransalloySlag
Ba,38,0.002445714911817303,0.002226819934108318,TransalloySlag
S,38,0.0003678716795175754,0.0003124023706190463,TransalloySlag
Ti,38,0.0005008401593673388,0.0005008401593673388,TransalloySlag
P,38,0.00010567508754335602,0.00010567508754335602,TransalloySlag
Mn,39,0.011637099616826838,0.01565266799606478,TransalloySlag
Fe,39,0.006366102605425733,0.0062643895914857054,TransalloySlag
Si,39,0.04353063013967587,0.034463048737919166,TransalloySlag
Ca,39,0.022793956210523325,0.026475844371671747,TransalloySlag
Al,39,0.12871148604716437,0.12232249877224494,TransalloySlag
Mg,39,0.012274565556117938,0.012478588413915213,TransalloySlag
C,39,0.0,0.0,TransalloySlag
O,39,0.022725338236618486,0.02194221296204857,TransalloySlag
K,39,0.0023408637309439892,0.0023408637309439892,TransalloySlag
Ba,39,0.002445714911817303,0.0023892859994155357,TransalloySlag
S,39,0.0004380728334237036,0.00015984963401023173,TransalloySlag
Ti,39,0.0005008401593673388,0.0005008401593673388,TransalloySlag
P,39,0.00010567508754335602,2.934307078156451e-05,TransalloySlag
Mn,40,0.01268164201360894,0.014105222943753687,TransalloySlag
Fe,40,0.006959333870534516,0.0032572500950873344,TransalloySlag
Si,40,0.04736715830499033,0.04443349858770518,TransalloySlag
Ca,40,0.05393012514845549,0.03800926449002304,TransalloySlag
Al,40,0.1765950918079742,0.1473686031261171,TransalloySlag
Mg,40,0.022259115630055278,0.012305444714211272,TransalloySlag
C,40,0.0,0.0,TransalloySlag
O,40,0.048182851648670644,0.0309261859808605,TransalloySlag
K,40,0.0023408637309439892,0.002339586037196974,TransalloySlag
Ba,40,0.002445714911817303,0.002445714911817303,TransalloySlag
S,40,0.00041942321546019194,0.00027401714891978833,TransalloySlag
Ti,40,0.0005008401593673388,0.000497569619789138,TransalloySlag
P,40,0.00021278800389513307,7.37770510346746e-05,TransalloySlag
Mn,41,0.022596865078294157,0.015298792088033919,TransalloySlag
Fe,41,0.005827612140746711,0.0017744251510295184,TransalloySlag
Si,41,0.04629351710521225,0.04620833214692792,TransalloySlag
Ca,41,0.026931797836561577,0.040445814072621294,TransalloySlag
Al,41,0.1399572144691176,0.1520855191682604,TransalloySlag
Mg,41,0.0033163897738212184,0.01128696543202326,TransalloySlag
C,41,0.0,0.0,TransalloySlag
O,41,0.04287167552299831,0.0377593530142063,TransalloySlag
K,41,0.0023408637309439892,0.002337151809101648,TransalloySlag
Ba,41,0.002445714911817303,0.002445714911817303,TransalloySlag
S,41,0.00048304398577049914,0.00042246936652671146,TransalloySlag
Ti,41,0.0005008401593673388,0.0004988735714421028,TransalloySlag
P,41,8.04406681038854e-06,7.504259892564587e-05,TransalloySlag
Mn,42,0.01633138803028586,0.01389537374028374,TransalloySlag
Fe,42,0.0036056764258214713,0.007231570454632665,TransalloySlag
Si,42,0.02547010677280591,0.029154371261594175,TransalloySlag
Ca,42,0.011513461751079784,0.005444537854754933,TransalloySlag
Al,42,0.09287283031465168,0.1176023434733792,TransalloySlag
Mg,42,0.008283586903663126,0.012532574767423005,TransalloySlag
C,42,0.0,0.0,TransalloySlag
O,42,0.023138114903666906,0.04612205338503972,TransalloySlag
K,42,0.0023408637309439892,0.0023408637309439892,TransalloySlag
Ba,42,0.002445714911817303,0.0016432472011880818,TransalloySlag
S,42,0.00041000484652209743,0.00046505420773911547,TransalloySlag
Ti,42,0.0005008401593673388,0.0005008401593673388,TransalloySlag
P,42,0.00010567508754335602,8.343348282507534e-05,TransalloySlag
